domain,effective_query,link,link_type,no_results,num_results,num_results_for_query,num_reviews,page_number,query,rank,rating,requested_at,requested_by,scrape_method,search_engine_name,snippet,status,title,visible_link
www.b-in-china.com,,http://www.b-in-china.com/list-nr.asp?anclassid=107&nclassid=363&id=4273637,results,False,9,"Page 2 of about 1,480,000 results (0.23 seconds) ",None,2,一汽 试验台 ,1,None,2019-06-24 11:05:12.777791,localhost,http,google,"一汽-大众汽车有限公司高压安全试验台项目. 发布时间：2019-6-3 项目编号： 截止时间： 所属行业：电子信息,建筑房产,文教用品,体育用品,交通运输,机械机电,水利水电 ...",successful,一汽-大众汽车有限公司高压安全试验台项目-国际招标-招标采购网,www.b-in-china.com › 国际招标
baike.baidu.com,,https://baike.baidu.com/item/%E4%B8%80%E6%B1%BD%E6%8A%80%E6%9C%AF%E4%B8%AD%E5%BF%83,results,False,9,"Page 2 of about 1,480,000 results (0.23 seconds) ",None,2,一汽 试验台 ,2,None,2019-06-24 11:05:12.777791,localhost,http,google,一汽技术中心（长春汽车研究所）为中国第一汽车集团有限公司的全资子公司，是中国 ... 20091月检测中心模拟台车碰撞试验台正式投入使用，能够完成座椅、安全带、 ...,successful,一汽技术中心_百度百科,https://baike.baidu.com/item/一汽技术中心
zhuanlan.zhihu.com,,https://zhuanlan.zhihu.com/p/64894015,results,False,9,"Page 2 of about 1,480,000 results (0.23 seconds) ",None,2,一汽 试验台 ,3,None,2019-06-24 11:05:12.777791,localhost,http,google,"May 6, 2019 - 之后自主研发电控，就筹建了专门单独测试电控的逆变器试验台。现在就三合一的测试了，我们新筹建了个两驱动的动力总成台架。现在电机电驱动 ...",successful,一汽齐嘉臣：电驱动系统试验评价技术- 知乎,https://zhuanlan.zhihu.com/p/64894015
m.ofweek.com,,https://m.ofweek.com/hydrogen/2019-04/ART-180824-8460-30323030.html,results,False,9,"Page 2 of about 1,480,000 results (0.23 seconds) ",None,2,一汽 试验台 ,4,None,2019-06-24 11:05:12.777791,localhost,http,google,"Apr 26, 2019 - 日前，一汽解放商用车开发院氢动力开发实验室的燃料电池发动机测试台架正式投入运转，将对自主开发的45KW燃料电池发动机进行测试试验。",successful,一汽解放燃料电池发动机测试台架投运- OFweek氢能网移动版,https://m.ofweek.com/.../2019.../ART-180824-8460-30323030.htm...
www.mybeauty-hk.com,,http://www.mybeauty-hk.com/bidDetail/239051632.html,results,False,9,"Page 2 of about 1,480,000 results (0.23 seconds) ",None,2,一汽 试验台 ,5,None,2019-06-24 11:05:12.777791,localhost,http,google,"Apr 28, 2019 - 长春一汽国际招标有限公司受招标人委托对下列产品及服务进行国际公开竞争性招标，于2019-04-28在中国国际招标网公告。本次招标采用传统 ...",successful,一汽-大众汽车有限公司高压安全试验台项目国际招标公告(2) - 九龙心水 ...,www.mybeauty-hk.com/bidDetail/239051632.html
www.chinabidding.com,,http://www.chinabidding.com/bidDetail/231616371-BidChange.html,results,False,9,"Page 2 of about 1,480,000 results (0.23 seconds) ",None,2,一汽 试验台 ,6,None,2019-06-24 11:05:12.777791,localhost,http,google,一汽-大众汽车有限公司模组电池包试验台项目重新招标澄清或变更公告(1). 2018-07-06 中国国际招标网 招标项目编号：0736-184020180179 项目名称：一汽-大众 ...,successful,一汽-大众汽车有限公司模组电池包试验台项目重新招标澄清或变更公告(1),www.chinabidding.com/bidDetail/231616371-BidChange.html
www.china.cn,,https://www.china.cn/jixiexiangmuhez/4209233912.html,results,False,9,"Page 2 of about 1,480,000 results (0.23 seconds) ",None,2,一汽 试验台 ,7,None,2019-06-24 11:05:12.777791,localhost,http,google,"欢迎前来中国供应商(www.china.cn)了解合肥雄强数控科技有限公司发布的一汽大众汽车开关高精度力曲线测试台价格,一汽大众汽车开关高精度力曲线测试台厂家 ...",successful,【一汽大众汽车开关高精度力曲线测试台】价格_厂家- 中国供应商,https://www.china.cn/jixiexiangmuhez/4209233912.html
www.xiandaiqx.com,,http://www.xiandaiqx.com/teach/details3/id/7,results,False,9,"Page 2 of about 1,480,000 results (0.23 seconds) ",None,2,一汽 试验台 ,8,None,2019-06-24 11:05:12.777791,localhost,http,google,一汽大众奥迪A6雨刮器试验台. 发布时间：2017-09-14 来源：杭州现代汽修学校. 一汽大众奥迪A6雨刮器试验台. 上一条：高档轿车发动机系统. 下一条：奥迪A6动力试验 ...,successful,一汽大众奥迪A6雨刮器试验台—杭州现代技工学校,www.xiandaiqx.com › 校园环境 › 教学设备
news.emao.com,,http://news.emao.com/news/201601/18102.html,results,False,9,"Page 2 of about 1,480,000 results (0.23 seconds) ",None,2,一汽 试验台 ,9,None,2019-06-24 11:05:12.777791,localhost,http,google,"Jan 15, 2016 - 近日，一汽-大众台架试验中心正式落成，中心占地面积约12000平方米， ... 整车阳光模拟试验箱、环境条件下的道路模拟试验台、轴总成疲劳试验台、 ...",successful,一汽-大众建成国内首个可系统认可豪华车车身试验中心_说吧_一猫汽车网,news.emao.com/news/201601/18102.html
b'',,None,results,False,10,"搜索工具百度为您找到相关结果约2,840,000个",None,1,一汽 试验台 ,1,None,2019-06-24 11:41:57.722597,localhost,http,baidu,None,successful,None,"image.baidu.com  - 查看全部130,488张图片"
www.baidu.com,,http://www.baidu.com/link?url=wlzefY2W9zZLUigGZ40uZhLP2GVh-F9WZbcOUdEQZeu1oBxgC5Jwz6x9cHD6WPp2qzhLWByGNLf_FyRSuioD5Fa-1pZlCFHlRvGjf_lBOvR-gAwSoHOBUwt-Vvmpb7uvxNGRfTEF3UuLpCSddAjS4q,results,False,10,"搜索工具百度为您找到相关结果约2,840,000个",None,1,一汽 试验台 ,1,None,2019-06-24 11:41:57.722597,localhost,http,baidu,...中国测试精选文章 关键词:汽车制动试验台;检定;数字滤波;未确知有理数滤波 [gap=821]Key words: auto braking test machine; verification; data filtering;...,successful,【汽车制动试验台】,None
www.baidu.com,,http://www.baidu.com/link?url=Jy5XymAzR9__L6b9G5X513LWkLcOYpvuJixe9kXnxseMYnQ3xGssSpRFh_1VsbHbyic8l_aTUBWdrAZduXMfrTiQaXczYSNVHG9KnEavLyq,results,False,10,"搜索工具百度为您找到相关结果约2,840,000个",None,1,一汽 试验台 ,2,None,2019-06-24 11:41:57.722597,localhost,http,baidu,"【5分钟前更新】黄页88提供最新汽车试验台供应信息,汽车试验台批发信息,展示最详细的汽车试验台价格信息,在这里您可以免费查看和发布汽车试验台供应、出售和价格信息,...",successful,【汽车试验台】-2019汽车试验台价格|报价-汽车试验台批发..._黄页88,None
www.baidu.com,,http://www.baidu.com/link?url=XtoHukqJ1Kad_8MCX6E8VzDaaJzhByhX6u1yCjaRNJ0rp8kxDBvM_XceiYA3pnixJiSSfoRoTUKHS1hBOencBq,results,False,10,"搜索工具百度为您找到相关结果约2,840,000个",None,1,一汽 试验台 ,3,None,2019-06-24 11:41:57.722597,localhost,http,baidu,"受业主委托,中国采招网于2019年05月24日发布一汽-大众汽车有限公司高压安全试验台项目国际招标公告(1)0736-194020190202;项目简介:长春一汽国际招标有限公司受招标人...",successful,一汽-大众汽车有限公司高压安全试验台项目国际招标公告(1)0736-...,None
www.baidu.com,,http://www.baidu.com/link?url=wn2AHx8l-BTu90CTMyGv96EMMHrqQabrkEjq4G6_9EkZnBKClh7jFwJw7fWGOB4h-ayFmABu-SiGlf2mb0t2Na,results,False,10,"搜索工具百度为您找到相关结果约2,840,000个",None,1,一汽 试验台 ,4,None,2019-06-24 11:41:57.722597,localhost,http,baidu,"本公司主要供应试验台产品及配件,适用于所有车型,质量保证,欢迎来电咨询洽谈。 适用车型:车型不限  天津市科巨仪器有限公司  天津 地区不限 1元 价格可议 起定量...",successful,"试验台,汽车试验台供应商 - 全球汽配网",None
www.baidu.com,,http://www.baidu.com/link?url=ZYlcCn665CsJtU4LMIo3fF0s3X3_ZvpuKQaBgEpllAaZu3F47hFdBQ1JRVBoDqYSZOHmUCSBuAm-3BlXwtGgmq,results,False,10,"搜索工具百度为您找到相关结果约2,840,000个",None,1,一汽 试验台 ,5,None,2019-06-24 11:41:57.722597,localhost,http,baidu,"中国网库为您提供最新汽车制动试验台价格、汽车制动试验台报价信息,汽车制动试验台价格行情走势,包括了供应商主营产品,图片,销量等全方位信息,为您订购产品提供全...",successful,【汽车制动试验台价格】_汽车制动试验台批发/采购报价_..._中国网库,None
www.baidu.com,,http://www.baidu.com/link?url=2AOv8v3nS7D821shbMdQY3b4h6PMcNZ7lwchYoNpf_vLaeivOX7jmNFMfcjkJ2oRPcP9N2UtuOz9j7U8UUsuPq,results,False,10,"搜索工具百度为您找到相关结果约2,840,000个",None,1,一汽 试验台 ,6,None,2019-06-24 11:41:57.722597,localhost,http,baidu,"2019年6月1日 - 新能源汽车电机及控制器性能试验台架,主要适用于对新能源汽车永磁同步、直流无刷高速电机、电机控制器、电池包及电池管理系统(BMS)、整车VCU中控系统 、部件总成进行...",successful,新能源汽车试验台-洛阳合能电气有限公司,None
www.baidu.com,,http://www.baidu.com/link?url=Qo5Bi0kLYSVVuZpm4eCKC9xQVsirb4asYxrI2ToGuC4j6vxBeNIBbZ-1mSxmpA7taaMdtsR5ac8bxa0tr9T67q,results,False,10,"搜索工具百度为您找到相关结果约2,840,000个",None,1,一汽 试验台 ,7,None,2019-06-24 11:41:57.722597,localhost,http,baidu,2019年6月3日 - 一汽-大众汽车有限公司高压安全试验台项目国际招标公告(2)2019-06-03  长春一汽国际招标有限公司受招标人委托对下列产品及服务进行国际公开竞争性招标...,successful,一汽-大众汽车有限公司高压安全试验台项目国际招标公告(2),None
www.baidu.com,,http://www.baidu.com/link?url=fvGSBq5NeKyy7mgnEN4Mdl7sUbD_CzSWvuYlfBum9HL-PAZ5jufKCf22vqbhaG0W5vJHbIAbveik9JIGAHDfELAw3BtT_p7Bxm6MW2sy3ZO,results,False,10,"搜索工具百度为您找到相关结果约2,840,000个",None,1,一汽 试验台 ,8,None,2019-06-24 11:41:57.722597,localhost,http,baidu,"2019年6月8日 - 一汽玻璃升降台.doc,一汽轿车股份有限公司玻璃升降试验台货物招标投标文件(正本)投标人:沈阳鑫科宇机电设备有限公司(盖单位章)法定代表人或其委托代理...",successful,一汽玻璃升降台.doc 文档全文预览,None
www.baidu.com,,http://www.baidu.com/link?url=GBfQ7QO4Nlk5TjE8InKzq8cYpfEEDMSNpCJEtHABZY4m-aCV35-NM4MnZJ0bcMls,results,False,10,"搜索工具百度为您找到相关结果约2,840,000个",None,1,一汽 试验台 ,9,None,2019-06-24 11:41:57.722597,localhost,http,baidu,"2019年5月11日 - 电车汇消息:近日,一汽解放商用车开发院氢动力开发实验室的燃料电池发动机测试台架正式投入运转,标志着一汽在燃料电池技术领域的技术能力大幅提升。  ...",successful,国内|一汽解放燃料电池发动机测试台架正式运转 | 电车汇,None
www.baidu.com,,http://www.baidu.com/link?url=bhxJPgoLSsUG9E9iCLD6WaQoG0GqGXam0Oqi6zBVSpChGyHRa3GTz3O_GxRDE9aDiEEpR2rRrFyTjd3EYf-Z9q,results,False,10,"搜索工具百度为您找到相关结果约3,700,000个",None,1,上汽 试验台,1,None,2019-06-24 11:41:44.719823,localhost,http,baidu,2017年11月1日 - 发动机试验台 (根据汽油发动机、柴油发动机、燃气发动机转速功率选择测功机型号) 一、概述 交流电力测功机系统是发动机台架性能试验的专用检测设备。...,successful,发动机试验台-上海策尔纳动力测试设备有限公司,None
www.baidu.com,,http://www.baidu.com/link?url=Oyp5K_udAAGYCpk2MV_jpAKHXvwPLE0Ja0iac5mwceq,results,False,10,"搜索工具百度为您找到相关结果约3,700,000个",None,1,上汽 试验台,2,None,2019-06-24 11:41:44.719823,localhost,http,baidu,"我们是专业从事发动机测试技术研究、低排放新型发动机设计研究、汽车发动机后处理设备...说明: ToCeiL-RH型润滑油自动消耗测量仪是指在台架上进行的发动机性能试验中,用...",successful,上海同圆发动机测试设备有限公司,None
www.baidu.com,,http://www.baidu.com/link?url=uGUbtqQGXyYNr7pgYRC6vQ3HJELgGAOotOVhKekMDkvCsfiJuJK04Hfemgnxtdk6puA7Z4knS-c7Tc_tqAgO7q,results,False,10,"搜索工具百度为您找到相关结果约3,700,000个",None,1,上汽 试验台,3,None,2019-06-24 11:41:44.719823,localhost,http,baidu,2019年5月8日 - 上海专业测功机试验台生产厂家mwvzwxfl底盘测功机是一种用来测试汽车动力性、多工况排放指标、燃油指标等性能的室内台架试验设备。专业测功机试验台汽车底盘测功机...,successful,上海专业测功机试验台生产厂家-纳胜科技,None
www.baidu.com,,http://www.baidu.com/link?url=YTF5pAi403ETaPkZ-kP2EqumZ4MjlpwtCRXyXt2BVoTLj7NQhbAXySHxV5wUtn8ZQ4Tou6bpNND1CjnuFa1oyge9mUrR1GaYhtSouPECQpK,results,False,10,"搜索工具百度为您找到相关结果约3,700,000个",None,1,上汽 试验台,4,None,2019-06-24 11:41:44.719823,localhost,http,baidu,电动汽车电机试验台一、测试数据及试验项目 1 输入电压、电流 2 输出转速、扭矩 3 温度 4 温升试验 5 扭矩转速特性试验 6 效率测试 7 再生能量馈电试验 8 最...,successful,电动汽车电机试验台-上海策尔纳动力测试设备有限公司,None
www.baidu.com,,http://www.baidu.com/link?url=J8pd2lHzhmGVWqASzaezJdjX84xjZXpC9UkdBmq3SjLzm1HQ1l0hu3yOpp4c0RKAE-OYX6P8CjqBlJjEV-o8TP--pMxZcV5j9nvSyz2niJS,results,False,10,"搜索工具百度为您找到相关结果约3,700,000个",None,1,上汽 试验台,5,None,2019-06-24 11:41:44.719823,localhost,http,baidu,2018年4月17日 - 弹簧离合器扭矩测试机 车门旋转刚度测试机汽车钢板弹簧寿命测试机 汽车转向系统扭矩测试机 汽车头枕冲击测试机 汽车后桥台架测试机刹车地块黏贴强度测...,successful,上海汽车生产线零部件(测漏)测试台-专业非标定制,None
www.baidu.com,,http://www.baidu.com/link?url=WX1hh5m6GVNEU4UNp5gYRDYux0ngifWQVb4S9V6Da_PRsU-XQViiVEg0pF1Gm4CdA6OLr7tbWBbXU7BVh5_wzVDRlhQ14LE--0G64RBLkrK,results,False,10,"搜索工具百度为您找到相关结果约3,700,000个",None,1,上汽 试验台,6,None,2019-06-24 11:41:44.719823,localhost,http,baidu,"EOLexpertise(依波达斯)为汽车行业提供定制汽车性能试验台,耐久性测试台,以满足个别客户要求。定制汽车性能试验台,耐久性测试台发动机冷试客户上汽通用五菱 发动机冷试...",successful,"定制汽车性能试验台,耐久性测试台 | 依波达斯",None
www.baidu.com,,http://www.baidu.com/link?url=jHw3LP0ZAP2X-vzturl0kpvrmRopuwMVFlDLLq6-u8PlZ3zXd2cO8tFQMBxDy9bMUhi46UdQZsvG3m7tnrlQTWPJfRKFfHbkhgyHf3wSIVm,results,False,10,"搜索工具百度为您找到相关结果约3,700,000个",None,1,上汽 试验台,7,None,2019-06-24 11:41:44.719823,localhost,http,baidu,试验台架集中管理数据采集刘建勇上汽集团商用车技术中心黄栋上汽集团商用车技术中心内燃机科技...,successful,发动机试验台架集中管理方案探讨,None
www.baidu.com,,http://www.baidu.com/link?url=VAZHqA4EBhMNGIZB6iAsKIIo9dbZ26159Vm_nbKApYLM612kw4PKrmFN2Nu_2aMk1N6WBFod4cPIZj91rcnyiK,results,False,10,"搜索工具百度为您找到相关结果约3,700,000个",None,1,上汽 试验台,8,None,2019-06-24 11:41:44.719823,localhost,http,baidu,2019年4月21日 - TQD-2型汽车电器万能试验台 汽车维修检测设备是根据各大专院校、职业技术学院、交通技校、公交公司检测培训、汽车驾驶学校、技能鉴定中心、劳动技能培训中心、劳动就业指...,successful,"汽车电器万能实验台,汽车电器万能试验台,汽车检测设备,汽车维修...",None
www.baidu.com,,http://www.baidu.com/link?url=rf1xi0N1ltlSkVvDaM7QPukgGjGcrtSij2gsjipIIDmlTaB0__U7Q9oNVwvbFxw-,results,False,10,"搜索工具百度为您找到相关结果约3,700,000个",None,1,上汽 试验台,9,None,2019-06-24 11:41:44.719823,localhost,http,baidu,"麦格思维特隶属于德国MAXIMATOR集团,提供“MAXIMATOR”品牌脉冲试验台、爆破试验台、压力测试台、气密性试验台、超高压泵、保压液压站、井口控制盘等,还提供量身定制...",successful,脉冲试验台|爆破试验台|压力测试台|超高压泵|井口控制盘-麦格思维...,None
www.baidu.com,,http://www.baidu.com/link?url=l7BPAx93khNL8dqKU7T2AtQPHB_j1DgYK643VFJr_ma_lmb-gaZ-LNjZkxD48tYcnLSWPFzGolikW5a4RN90pq,results,False,10,"搜索工具百度为您找到相关结果约3,700,000个",None,1,上汽 试验台,10,None,2019-06-24 11:41:44.719823,localhost,http,baidu,2017年2月17日 - 电机性能试验台由实训台架、新能源汽车电池组、三种新能源汽车常用电机(直流永磁、交流异步、开关磁阻)、三种新能源汽车配套电机控制器、加速踏板、档...,successful,"新能源汽车电机性能试验台,电机性能试验台-上海顶邦公司",None
auto.sina.com.cn,,http://auto.sina.com.cn/review/tiyan/2019-04-01/detail-ihsxncvh7169942.shtml,results,False,10,"Page 2 of about 1,360,000 results (0.20 seconds) ",None,2,上汽 试验台,1,None,2019-06-24 11:05:25.111193,localhost,http,google,"Apr 1, 2019 - 品质方面，“上汽π”发动机也进行了严苛的测试，已完成了55台严苛的发动机子系统性能测试、80台9大类发动机台架耐久试验，并将完成130多台整 ...",successful,探索再创新上汽π柴油机首次公开亮相-新浪汽车,auto.sina.com.cn › 试车 › 体验试驾
www.shautonews.com,,http://www.shautonews.com/web/6218.htm,results,False,10,"Page 2 of about 1,360,000 results (0.20 seconds) ",None,2,上汽 试验台,2,None,2019-06-24 11:05:25.111193,localhost,http,google,"Feb 18, 2019 - 已亥猪年到来之际，我们在获得“2018年上汽工匠”称号的28名上汽员工中 ... 除了完成本职工作外，他还参与了技师工作室的开发项目，从试验台安装 ...",successful,开工首日，三位属猪的“上汽工匠”有话要说 - 上海汽车报,www.shautonews.com/web/6218.htm
baike.baidu.com,,https://baike.baidu.com/item/%E4%B8%8A%E6%B5%B7%E6%B1%BD%E8%BD%A6%E5%8F%98%E9%80%9F%E5%99%A8%E6%9C%89%E9%99%90%E5%85%AC%E5%8F%B8,results,False,10,"Page 2 of about 1,360,000 results (0.20 seconds) ",None,2,上汽 试验台,3,None,2019-06-24 11:05:25.111193,localhost,http,google,通过产品发展中心的建设，上汽变速器拥有一支实力雄厚的技术研发队伍，在产品性能、功能检测上拥有各类先进的试验台架和校验台架，具备较强的变速器总成开发、 ...,successful,上海汽车变速器有限公司_百度百科,https://baike.baidu.com/item/上海汽车变速器有限公司
www.lingpa.net,,https://www.lingpa.net/post/1395.html,results,False,10,"Page 2 of about 1,360,000 results (0.20 seconds) ",None,2,上汽 试验台,4,None,2019-06-24 11:05:25.111193,localhost,http,google,拥有铝合金差压铸造、冲压、电泳涂装、热处理、焊接、机加工和装配等各类型设备，能满足各种产品技术和制造要求；拥有多通道道路模拟试验台、DK&C试验台、制动 ...,successful,上汽汇众汽车_汽车厂商_零帕网,https://www.lingpa.net/post/1395.html
www.crrcgc.cc,,http://www.crrcgc.cc/wlzb/g14095/s25647/t296969.aspx,results,False,10,"Page 2 of about 1,360,000 results (0.20 seconds) ",None,2,上汽 试验台,5,None,2019-06-24 11:05:25.111193,localhost,http,google,"Oct 30, 2018 - 10月下旬，从上汽集团乘用车公司（以下简称“上汽”）传来喜讯，戚墅堰所与上汽联合开发的新型耐热钢材料顺利通过台架试验验证，以优异的综合 ...",successful,戚墅堰所一款新型耐热钢材料开发成功_新闻中心_集团新闻_眉山中车 ...,www.crrcgc.cc/wlzb/g14095/s25647/t296969.aspx
books.google.com,,https://books.google.com/books?id=FBBeDwAAQBAJ&pg=PT81&lpg=PT81&dq=%E4%B8%8A%E6%B1%BD+%E8%AF%95%E9%AA%8C%E5%8F%B0&source=bl&ots=YksdAf535U&sig=ACfU3U1v_aP9y82S6mJOnppuSXeVMUgHrA&hl=en&sa=X&ved=2ahUKEwjmmrjP_IHjAhVWu54KHb-LDgk4ChDoATAFegQICRAB,results,False,10,"Page 2 of about 1,360,000 results (0.20 seconds) ",None,2,上汽 试验台,6,None,2019-06-24 11:05:25.111193,localhost,http,google,"体化整合能力,研发的发动机冷试台、混合动力总成性能试验台为国内首创。 ... 包括以上海为中心的上汽集团自主及其合资的上汽乘用车、上汽通用、南汽等,北方以 ...",successful,跟着小巨人学创新：上海市科技小巨人企业案例集,https://books.google.com/books?isbn=7516615773
m.fblife.com,,http://m.fblife.com/culture/show_181472.html,results,False,10,"Page 2 of about 1,360,000 results (0.20 seconds) ",None,2,上汽 试验台,7,None,2019-06-24 11:05:25.111193,localhost,http,google,"Jan 19, 2017 - 今天我们受邀来到了上汽的底盘测试中心，体会一下ZS这款车的底盘功力。 ... 行业领先的EPS涡轮蜗杆、管柱等零部件疲劳试验台，全方位保证底盘 ...",successful,底盘好才是真的好探秘上汽名爵底盘测试中心越野e族-中国越野/SUV ...,m.fblife.com/culture/show_181472.html
shanghai.xinmin.cn,,http://shanghai.xinmin.cn/msrx/2017/10/25/31328082.html,results,False,10,"Page 2 of about 1,360,000 results (0.20 seconds) ",None,2,上汽 试验台,8,None,2019-06-24 11:05:25.111193,localhost,http,google,"Oct 25, 2017 - 【新民晚报·新民网】安研路201号，上汽集团技术中心的新能源技术实验室日夜不歇。 ... “3年前，习近平总书记来上汽视察的时候，我们试验台上正在做 ...",successful,十九大时光| 上汽新能源汽车试验测试团队加紧研发新一代技术-手机新民网,shanghai.xinmin.cn/msrx/2017/10/25/31328082.html
www.saicmotor.com,,https://www.saicmotor.com/chinese/xwzx/xwk/2016/45644.shtml,results,False,10,"Page 2 of about 1,360,000 results (0.20 seconds) ",None,2,上汽 试验台,9,None,2019-06-24 11:05:25.111193,localhost,http,google,"Dec 19, 2016 - 上汽大通SUV D90的盲订台数突破5000大关！ ... 未来，上汽大通还将会邀请核心用户参与在广德专业汽车试验场、格尔木高原、黑河极寒环境、 ...",successful,一个用户盲订了一台未投产的SUV不足为奇如果是5000个 ... - SAIC Motor,https://www.saicmotor.com/chinese/xwzx/xwk/2016/45644.shtml
www.hongyantruck.com,,https://www.hongyantruck.com/hongyan/public/index.php?s=Index/user/bidding_select&id=51,results,False,10,"Page 2 of about 1,360,000 results (0.20 seconds) ",None,2,上汽 试验台,10,None,2019-06-24 11:05:25.111193,localhost,http,google,岗位名称：. 台架试验工程师. 岗位类别：. 技术类. 学历：. 本科. 所属部门：. 技术中心. 工作地点：. 省份重庆市城市/行政区重庆. 工作年限：. 2年及以上. 招聘人数：. 2 ...,successful,社会招聘- 上汽红岩,https://www.hongyantruck.com/hongyan/public/index.php?s...
www.d1ev.com,,https://www.d1ev.com/news/qiye/65472,results,False,10,"About 2,510,000 results (0.29 seconds) ",None,1,吉利 试验台,1,None,2019-06-24 11:05:29.395462,localhost,http,google,"Mar 23, 2018 - 吉利汽车研发中心拥有多项中国甚至是世界之最，比如拥有68个试验台架的动力总成中心，规模国内第一。同时，动力总成中心高达75%的设备运行 ...",successful,揭秘吉利汽车杭州湾研发中心，看看工程师们到底在研究什么- 第一电动网,https://www.d1ev.com/news/qiye/65472
info.xcar.com.cn,,http://info.xcar.com.cn/201709/news_1986246_2.html,results,False,10,"About 2,510,000 results (0.29 seconds) ",None,1,吉利 试验台,2,None,2019-06-24 11:05:29.395462,localhost,http,google,"Sep 19, 2017 - 吉利汽车研究院参观；吉利帝豪GL；品质；碰撞安全 再将这些数据输入到设备控制系统，驱动试验台架模拟各种恶劣路况，来验证车辆结构的耐久性能 ...",successful,「图文」新车如何研发？吉利汽车研究中心见闻(2)_爱卡汽车,info.xcar.com.cn › 科技轶事
news.bitauto.com,,http://news.bitauto.com/hao/wenzhang/716286,results,False,10,"About 2,510,000 results (0.29 seconds) ",None,1,吉利 试验台,3,None,2019-06-24 11:05:29.395462,localhost,http,google,"Mar 20, 2018 - 吉利汽车研发中心拥有多项中国甚至是世界之最，比如拥有68个试验台架的动力总成中心，规模国内第一。同时，动力总成中心高达75%的设备运行 ...",successful,揭秘！带你走进吉利汽车研发大本营_易车号_易车网 - 文章,news.bitauto.com/hao/wenzhang/716286
www.buyevcar.com.cn,,http://www.buyevcar.com.cn/news/1522.html,results,False,10,"About 2,510,000 results (0.29 seconds) ",None,1,吉利 试验台,4,None,2019-06-24 11:05:29.395462,localhost,http,google,"Sep 19, 2017 - 吉利汽车研发中心的整车24通道耐久试验室的试验台架主要是针对车辆底盘和车身等金属结构件的耐久性考核。试验通过台架为车辆加载24个受力 ...",successful,走进吉利研发中心，揭秘帝豪GL研发过程- 电动GO,www.buyevcar.com.cn/news/1522.html
www.auto-testing.net,,https://www.auto-testing.net/news/show-96095.html,results,False,10,"About 2,510,000 results (0.29 seconds) ",None,1,吉利 试验台,5,None,2019-06-24 11:05:29.395462,localhost,http,google,"Apr 7, 2018 - 前不久吉利汽车向媒体开放了投资62亿元人民币在杭州湾建立的研发中心。 ... 该实验室的核心设备是吉利研究院从英国进口的双轴K&C试验台。",successful,探秘62亿元打造的吉利汽车研发中心及重要实验项目_汽车实验室__ ...,https://www.auto-testing.net/news/show-96095.html
zhuanlan.zhihu.com,,https://zhuanlan.zhihu.com/p/51470175,results,False,10,"About 2,510,000 results (0.29 seconds) ",None,1,吉利 试验台,6,None,2019-06-24 11:05:29.395462,localhost,http,google,"Dec 3, 2018 - 吉利汽车研发中心拥有多项中国甚至是世界之最，比如拥有68个试验台架的动力总成中心，规模国内第一。 按照规划，吉利汽车研发中心每年将全新 ...",successful,揭秘吉利汽车全球四大研发中心看看工程师们都在干什么- 知乎,https://zhuanlan.zhihu.com/p/51470175
www.qctsw.com,,http://www.qctsw.com/wap/articlecontent/18499.html,results,False,10,"About 2,510,000 results (0.29 seconds) ",None,1,吉利 试验台,7,None,2019-06-24 11:05:29.395462,localhost,http,google,"Sep 20, 2017 - 对于吉利帝豪GL来说，这天就是它的一周岁生日，但帝豪GL还没过自己 ... 整车24通道耐久试验室的试验台架主要是针对车辆底盘和车身等金属结构 ...",successful,帝豪GL为何能年销10万辆？参观完吉利研究院后终于明白了_汽车投诉网,www.qctsw.com/wap/articlecontent/18499.html
b'',,None,results,False,10,"About 2,510,000 results (0.29 seconds) ",None,1,吉利 试验台,8,None,2019-06-24 11:05:29.395462,localhost,http,google,None,successful,None,None
www.w-ibeda.com,,http://www.w-ibeda.com/product.asp?id=597,results,False,10,"About 2,510,000 results (0.29 seconds) ",None,1,吉利 试验台,9,None,2019-06-24 11:05:29.395462,localhost,http,google,发动机NVH下线测试台 发动机电气测试台 火花塞测试机 发动机转动扭矩测试台 TDI发动机燃油系测试台 ... 在新能源、智能网联、汽车整车和零部件领域，研发和建立系统的试验技术研发和检测能力，目标建成国内 ... 浙江吉利新能源商用车有限公司,successful,华依新能源汽车动力总成及整车测试中心 - 上海华依科技集团股份有限公司,www.w-ibeda.com/product.asp?id=597
www.autohome.com.cn,,https://www.autohome.com.cn/tech/201607/891172.html,results,False,10,"About 2,510,000 results (0.29 seconds) ",None,1,吉利 试验台,10,None,2019-06-24 11:05:29.395462,localhost,http,google,"Jul 27, 2016 - 当然，所有的NVH试验室不仅仅就这些，还有诸如单一零件振动的测试台架和激振异响试验台架，用于进行车辆各部分组件的NVH试验和车辆悬架 ...",successful,【图】听说你想看“寂静岭” 评吉利NVH试验室_汽车之家,https://www.autohome.com.cn/tech/201607/891172.html
www.baidu.com,,http://www.baidu.com/link?url=30luk61sjnuSNvEJ9CFxGZlpfQIceN5heTdB0rVzAj49F7vqikyn5VPR1SKv52D--MN7iMKjN0-doL5GL9Rdea,results,False,10,"搜索工具百度为您找到相关结果约2,780,000个",None,2,上汽 试验台,1,None,2019-06-24 11:41:51.240369,localhost,http,baidu,2017年2月17日 - 电机性能试验台由实训台架、新能源汽车电池组、三种新能源汽车常用电机(直流永磁、交流异步、开关磁阻)、三种新能源汽车配套电机控制器、加速踏板、档...,successful,"新能源汽车电机性能试验台,电机性能试验台-上海顶邦公司",None
www.baidu.com,,http://www.baidu.com/link?url=BNWa5SY8Z5uGn_NYcurVYZsOp6QRrKV6lUIPXD8A_4_1tgECMI_6hI-V69bdbPAkDKGhqlitghFnN57d73U8s9BE-RbmSuByEznDP0IYY9C,results,False,10,"搜索工具百度为您找到相关结果约2,780,000个",None,2,上汽 试验台,2,None,2019-06-24 11:41:51.240369,localhost,http,baidu,转鼓试验台 制动性能 检测线 上海大众 控制装置 监控器 制动力 发动机 制动试验 汽车... 【摘要】:正 上海大众汽车公司一厂总装车间第二检测线上的德国申克转鼓试...,successful,目前我国最先进的生产线用转鼓试验台——上海大众第二检测线上的...,None
www.baidu.com,,http://www.baidu.com/link?url=SDAjdxumw6SygioXWNSYjhjJC-ABvKUG3oBDanuh16PCe-YYY2NKbzvLocqPAefYTv6h2pfx6b5aZG-fVwfMD_,results,False,10,"搜索工具百度为您找到相关结果约2,780,000个",None,2,上汽 试验台,3,None,2019-06-24 11:41:51.240369,localhost,http,baidu,"发动机试验台架 已被阅读:331731、常规型 组成:测功机和发动机测试控制仪器,根据发动机额定功率和转速来选择测功机。 测试参数:转速、扭矩、功率、油耗率、机油...",successful,发动机试验台架-测功机-交流电力测功机-上海启策动力测试设备有限...,None
www.baidu.com,,http://www.baidu.com/link?url=APBdvjNjt3T5k0rioWt0aONPtm4ziKPMGNc3bQivula-bBcZiptSEB1zS_DFYEg-Oh-4yC9uUYmPTWLO0sqsiKRdweijYLD7qJUqEsdu5sG,results,False,10,"搜索工具百度为您找到相关结果约2,780,000个",None,2,上汽 试验台,4,None,2019-06-24 11:41:51.240369,localhost,http,baidu,试验台架集中管理数据采集刘建勇上汽集团商用车技术中心黄栋上汽集团商用车技术中心内燃机科技...,successful,发动机试验台架集中管理方案探讨,None
www.baidu.com,,http://www.baidu.com/link?url=qlCFO08YuNnbgRQILMHGQ4xE84792XcvFfs8ny126y-fHps7YV0FpxeHwDDYfr7r,results,False,10,"搜索工具百度为您找到相关结果约2,780,000个",None,2,上汽 试验台,5,None,2019-06-24 11:41:51.240369,localhost,http,baidu,"可靠性环境试验箱,散热器内部腐蚀试验台,散热器内部冷热冲击试验箱,压力脉冲试验台,汽车空调风量测试台,风机性能试验台,碎石冲击试验台,淋雨试验箱,盐雾腐蚀试验箱...",successful,"散热器试验台,环境试验台,汽车空调试验台,风机性能试验台-上海涵...",None
www.baidu.com,,http://www.baidu.com/link?url=TRfFNWNhd4ZPSCDaN2ZFqFN0mRkBU_2G8nGeHWFhPBhvwQm8o2n_F0JGqOtb9yYSi6shXyo2BxetlvEiZr2l9Um8p2e5GRw_nYHxC-6sHMC,results,False,10,"搜索工具百度为您找到相关结果约2,780,000个",None,2,上汽 试验台,6,None,2019-06-24 11:41:51.240369,localhost,http,baidu,2013年11月10日 - 上海交大混动试验台 - 2011年 ( 第 33卷 )第 6期 汽车工程 A utomo tive Eng inee ring 2011( V o.l 33) N o 6 . 201...,successful,上海交大混动试验台_图文_百度文库,None
www.baidu.com,,http://www.baidu.com/link?url=YsjC4k9qJ8nfc1HcQHGD1PY43-JS_Wl1bS0pZrNkxAn_Xkow7imX4OtmIXx9GHs88A4xBxMmGD-mDS75rPTcUK,results,False,10,"搜索工具百度为您找到相关结果约2,780,000个",None,2,上汽 试验台,7,None,2019-06-24 11:41:51.240369,localhost,http,baidu,"上海智舒自动化有限公司主要致力于“汽车座椅综合性能试验台 ”的生产销售。多年的“汽车座椅综合性能试验台 ”生产与销售的经验,与各行业新老用户建立了稳定的合作...",successful,汽车座椅综合性能试验台 - 上海智舒自动化有限公司,None
www.baidu.com,,http://www.baidu.com/link?url=ZShphu2nglBsAkMfnMuY4RH0Ngo6xGm2j7-ejBPe6k7wTUMCQKSop0T2Bc8dVx5TjZ9NB1YorCEuZEzpdZ0Jiq,results,False,10,"搜索工具百度为您找到相关结果约2,780,000个",None,2,上汽 试验台,8,None,2019-06-24 11:41:51.240369,localhost,http,baidu,电动汽车电机试验台  一、设备配置:• 电力测功机; • 计算机测量控制系统;• 转速扭矩传感器;• 电流电压传感器;• 铸铁平台;• 测功机变频控制柜;...,successful,电动汽车电机试验台 -测功机-交流电力测功机-上海启策动力测试...,None
www.baidu.com,,http://www.baidu.com/link?url=DoQLZ2n7a36rQlVAN3mN5CA5QN3Kv7A1Bb8qFl6tI-cNGAUJZkC6fDmpoA5u5D3W,results,False,10,"搜索工具百度为您找到相关结果约2,780,000个",None,2,上汽 试验台,9,None,2019-06-24 11:41:51.240369,localhost,http,baidu,"高低温试验箱,恒温恒湿试验箱,高温老化箱,紫外, 氙灯耐气候试验箱,振动台,振动试验台,跌落台... 客户案例  航空航天、国防军工、机械制造、车辆船舶、大专院校、...",successful,"电磁振动试验台,盐雾试验箱,大型跌落试验台-上海览浩仪器设备有限...",None
www.baidu.com,,http://www.baidu.com/link?url=KX3TkLL0NagVQ95nmb7BFK7d43DoL8XH9YQ6U-4BztYkBZAhwEB7A8MnsWvNi7swC1YhGfsVufkHcPzr8HFzTfQ1K2VV0pxkxZj0cjTbbBe,results,False,10,"搜索工具百度为您找到相关结果约2,780,000个",None,2,上汽 试验台,10,None,2019-06-24 11:41:51.240369,localhost,http,baidu,2016年10月27日 - *、招标条件项目概况:*. 标书编号:***-***/* 发动机倾斜试验台 数量:* *. 标书编号:***- 关键词: 汽车招标公告正文 上海...,successful,上海汽车集团股份有限公司试验台及铣削测量系统国际招标公告_招标...,None
www.patac.com.cn,,http://www.patac.com.cn/listFaCar.html?v=1005,results,False,10,"About 1,360,000 results (0.29 seconds) ",None,1,上汽 试验台,1,None,2019-06-24 11:05:19.820106,localhost,http,google,上汽通用汽车/泛亚汽车技术中心研发试验中心（广德）占地面积5.67平方公里，建有包含70种典型特征路面，总长超过60公里的试验道路以及完善的配套试验辅助 ...,successful,先进设施-广德试车场-泛亚汽车-泛亚汽车技术中心有限公司,www.patac.com.cn/listFaCar.html?v=1005
www.bbkco.com.cn,,http://www.bbkco.com.cn/news/view?id=56,results,False,10,"About 1,360,000 results (0.29 seconds) ",None,1,上汽 试验台,2,None,2019-06-24 11:05:19.820106,localhost,http,google,提供给上海李尔公司的2工位颠簸蠕动试验台和上汽集团商用车技术中心的9通道安全带固定点试验台预计将于2016年年中交付。届时，将进一步扩大SERVOTEST ...,successful,SERVOTEST承接上海李尔公司和上汽集团高端座椅试验系统 ... - 博科测试,www.bbkco.com.cn/news/view?id=56
www.auto-testing.net,,https://www.auto-testing.net/news/show-95903.html,results,False,10,"About 1,360,000 results (0.29 seconds) ",None,1,上汽 试验台,3,None,2019-06-24 11:05:19.820106,localhost,http,google,"Mar 30, 2018 - 两个月前，上汽通用汽车泛亚汽车技术中心“振动噪声试验室二期项目” ... 试验，工程师只需命令六轴试验台架执行选定的路谱，就可以在试验室里 ...",successful,上汽通用汽车“振动噪声试验室二期项目”落成并投入运营_振动与噪声__ ...,https://www.auto-testing.net/news/show-95903.html
www.shac.com.cn,,http://www.shac.com.cn/pages/overview.aspx?c_number=0001200005,results,False,10,"About 1,360,000 results (0.29 seconds) ",None,1,上汽 试验台,4,None,2019-06-24 11:05:19.820106,localhost,http,google,... 乘用车和商用车底盘系统，是上汽大众、上汽通用、上汽乘用车、上汽通用五菱、上汽 ... 台、DK&C试验台、制动惯量台、多轴振动台、四立柱及半消声室等现代化试验 ...,successful,汇众概况 - 上海汇众汽车制造有限公司,www.shac.com.cn/pages/overview.aspx?c_number=0001200005
www.linkedin.com,,https://www.linkedin.com/jobs/view/%E7%94%B5%E6%B1%A0%E5%8C%85%E6%B5%8B%E8%AF%95%E5%B7%A5%E7%A8%8B%E5%B8%88-at-%E4%B8%8A%E6%B1%BD%E5%A4%A7%E4%BC%97%E6%B1%BD%E8%BD%A6%E6%9C%89%E9%99%90%E5%85%AC%E5%8F%B8-1005588054?trk=job_view_similar_jobs,results,False,10,"About 1,360,000 results (0.29 seconds) ",None,1,上汽 试验台,5,None,2019-06-24 11:05:19.820106,localhost,http,google,职位信息1、负责新能源汽车电池单体/模组/系统试验需求分析及试验规划：根据整车进度确定零部件试验需求，协调内部及外部资源制定试验方案，跟踪试验过程，汇总 ...,successful,"上汽大众汽车有限公司hiring 电池包测试工程师in Shanghai, CN ...",https://www.linkedin.com/.../电池包测试工程师-at-上汽大众汽车有...
www.saicmaxus.com,,https://www.saicmaxus.com/media/201903/660.shtml,results,False,10,"About 1,360,000 results (0.29 seconds) ",None,1,上汽 试验台,6,None,2019-06-24 11:05:19.820106,localhost,http,google,2019年3月31日，“上汽π”发动机重磅揭幕，以八大领先技术、出色静音科技及 ... 台严苛的发动机子系统性能测试、80台9大类发动机台架耐久试验，并将完成130多台 ...,successful,“上汽π”发动机重磅推出，上汽MAXUS抢滩绿色前沿动力 - 上汽大通,https://www.saicmaxus.com/media/201903/660.shtml
www.zhihuiya.com,,https://www.zhihuiya.com/case/info_8.html,results,False,10,"About 1,360,000 results (0.29 seconds) ",None,1,上汽 试验台,7,None,2019-06-24 11:05:19.820106,localhost,http,google,"Apr 2, 2019 - 上海汽车变速器有限公司. ... 功能检测上拥有各类先进的试验台架和校验台架，具备较强的变速器总成开发、试验能力，具有一整套先进的新产品开发 ...",successful,上海汽车变速器有限公司 - 智慧芽,https://www.zhihuiya.com/case/info_8.html
paris-eien.com,,http://paris-eien.com/sale/view-137612938.html,results,False,10,"About 1,360,000 results (0.29 seconds) ",None,1,上汽 试验台,8,None,2019-06-24 11:05:19.820106,localhost,http,google,"May 22, 2019 - 龙8国际客户端最专业的网上综合游戏直营平台,龙8国际客户端手机下载拥有最全面的7平台,龙8国际客户端同时提供各种经典娱乐,欢迎您随时光临!",successful,上汽通用别克汽车制动钳性能及耐久试验台- 制造交易网,paris-eien.com/sale/view-137612938.html
reger.com.cn,,http://reger.com.cn/news/newsinfo_166.html,results,False,10,"About 1,360,000 results (0.29 seconds) ",None,1,上汽 试验台,9,None,2019-06-24 11:05:19.820106,localhost,http,google,"Dec 15, 2012 - 11月23日，公司与上海汽车集团股份有限公司签署了汽车零部件疲劳检测试验台项目的终验收报告，项目正式交付用户使用。实现了国内试验机厂家 ...",successful,试验台、电液伺服疲劳试验台、汽车变速箱总成试验台、汽车振动摸拟 ...,reger.com.cn/news/newsinfo_166.html
www.google.com,,https://www.google.com/patents/CN201034830Y?cl=zh,results,False,10,"About 1,360,000 results (0.29 seconds) ",None,1,上汽 试验台,10,None,2019-06-24 11:05:19.820106,localhost,http,google,本实用新型涉及一种汽车门或盖开关模拟试验台，它包括车门把手夹具、开关门装置、车门关闭速度检测装置以及控制装置，所述的开门和关门装置包括有开关门气缸、 ...,successful,CN201034830Y - 汽车门或盖开关模拟试验台- Google Patents,https://www.google.com/patents/CN201034830Y?cl=zh
m.xincheping.com,,https://m.xincheping.com/cehua/108961.html,results,False,10,"Page 2 of about 2,510,000 results (0.22 seconds) ",None,2,吉利 试验台,1,None,2019-06-24 11:05:53.668468,localhost,http,google,"Sep 19, 2017 - 在K&C操稳试验室吉利研究院从英国进口了一台双轴K&C试验台，用于产品研发的初始阶段，对整车底盘、悬架、车身操控性、方向指向精准性进行调 ...",successful,参观吉利杭州湾研发中心：自主品牌的研究院在做什么？|新车评网|m ...,https://m.xincheping.com/cehua/108961.html
www.autohome.com.cn,,https://www.autohome.com.cn/tech/201412/854751.html,results,False,10,"Page 2 of about 2,510,000 results (0.22 seconds) ",None,2,吉利 试验台,2,None,2019-06-24 11:05:53.668468,localhost,http,google,"Dec 8, 2014 - 吉利汽车安全实验室，它正式的官方名称是“浙江省汽车安全技术重点实验室”，它位于杭州市萧山区临江 ... 它除了承担吉利汽车的碰撞试验外，还肩负一些国家科研项目。 .... 第1页：吉利安全实验室总览 · 第2页：假人、滑台实验室简介.",successful,【图】整车碰撞至少60次探访吉利安全实验室_汽车之家,https://www.autohome.com.cn/tech/201412/854751.html
new.qq.com,,https://new.qq.com/omn/20171228/20171228A0FY4K.html,results,False,10,"Page 2 of about 2,510,000 results (0.22 seconds) ",None,2,吉利 试验台,3,None,2019-06-24 11:05:53.668468,localhost,http,google,"Dec 28, 2017 - NVH三个字母是噪声、振动与声振粗糙度的英文缩写，也是衡量汽车制造与汽车产品品质的重要指标。今天车透君就来走近吉利汽车NVH试验的重要 ...",successful,四立柱台架模拟377种路况，揭秘吉利如何让车辆远离异响 - 腾讯,https://new.qq.com/omn/20171228/20171228A0FY4K.html
auto.sina.com.cn,,http://auto.sina.com.cn/jishu/2017-09-20/detail-ifykymue7404646.shtml,results,False,10,"Page 2 of about 2,510,000 results (0.22 seconds) ",None,2,吉利 试验台,4,None,2019-06-24 11:05:53.668468,localhost,http,google,"Sep 20, 2017 - 2016年9月吉利上市了帝豪GL，全新“A+级”轿车。在帝豪GL上市 ... 四立柱试验室试验台架主要是针对车辆车身及内外饰结构的耐久性考核。此台架 ...",successful,探秘吉利研究院，探寻吉利GL冰火修炼-新浪汽车,auto.sina.com.cn › 技术
www.china.cn,,https://www.china.cn/shiyantai/4215999820.html,results,False,10,"Page 2 of about 2,510,000 results (0.22 seconds) ",None,2,吉利 试验台,5,None,2019-06-24 11:05:53.668468,localhost,http,google,首页> 仪器仪表> 汽摩检测设备> 试验台> 吉利汽车天窗风载及遮阳帘耐久试验设备 <上一个 下一个> ... 合肥雄强吉利汽车供应汽车四门两盖技术方案说明书汽车试验.,successful,【吉利汽车天窗风载及遮阳帘耐久试验设备】价格_厂家- 中国供应商,https://www.china.cn/shiyantai/4215999820.html
www.niceysl.com,,http://www.niceysl.com/news/cases/83.cshtml,results,False,10,"Page 2 of about 2,510,000 results (0.22 seconds) ",None,2,吉利 试验台,6,None,2019-06-24 11:05:53.668468,localhost,http,google,为吉利集团某生产基地生产的汽车管路汽车管路高低温高压环境爆破试验机、脉冲试验台。 1、汽车管路爆破试验机设备应用于汽车制动硬管、液压制动软管、气压真空 ...,successful,高低温环境汽车管路爆破试验机、脉冲试验台-吉利集团-千赢国际娱乐 ...,www.niceysl.com/news/cases/83.cshtml
m.tyncar.com,,https://m.tyncar.com/News/qiye/20170512_27176.html,results,False,10,"Page 2 of about 2,510,000 results (0.22 seconds) ",None,2,吉利 试验台,7,None,2019-06-24 11:05:53.668468,localhost,http,google,"May 12, 2017 - 整车多轴耦合道路模拟试验台. 24通道轴耦合道路模拟耐久测试. 2.“iNTEC”技术是什么？ 吉利汽车集团总裁、CEO安聪慧演讲发布技术品牌iNTEC.",successful,吉利发布“iNTEC”技术品牌杭州湾研发中心全面启用_太阳能电动汽车网,https://m.tyncar.com/News/qiye/20170512_27176.html
auto.ifeng.com,,http://auto.ifeng.com/chengdu/xinwen/2017110319729.shtml,results,False,10,"Page 2 of about 2,510,000 results (0.22 seconds) ",None,2,吉利 试验台,8,None,2019-06-24 11:05:53.668468,localhost,http,google,"Nov 3, 2017 - 吉利整车24通道耐久试验室的试验台架主要是针对车辆底盘和车身等金属结构件的耐久性考核。此设备是从美国MTS公司引进的最新的试验设备，将 ...",successful,备受推崇的背后观吉利汽车研发中心有感_凤凰网汽车_凤凰网,auto.ifeng.com › 成都 › 新闻
auto.sohu.com,,http://auto.sohu.com/20171001/n515619003.shtml,results,False,10,"Page 2 of about 2,510,000 results (0.22 seconds) ",None,2,吉利 试验台,9,None,2019-06-24 11:05:53.668468,localhost,http,google,"Oct 1, 2017 - 汽车探秘吉利这几年的发展在汽车市场上那是有目共睹，尤其是随着3.0时代产品的到来，吉利的产品开始在市场上火爆起来，并且其产品在各自细分 ...",successful,试验室试验台 - 搜狐汽车,auto.sohu.com › 新闻 › 吉利
www.sohu.com,,http://www.sohu.com/a/193733008_118980,results,False,10,"Page 2 of about 2,510,000 results (0.22 seconds) ",None,2,吉利 试验台,10,None,2019-06-24 11:05:53.668468,localhost,http,google,"Sep 22, 2017 - 高质感基因”是天生的，7个机密试验解读吉利帝豪GL ... 个通道的力和力矩数据，再将数据输入设备控制系统，从驱动试验台架模拟各种恶劣路况，来 ...",successful,“高质感基因”是天生的，7个机密试验解读吉利帝豪GL - 搜狐,www.sohu.com/a/193733008_118980
www.baidu.com,,http://www.baidu.com/link?url=Bta1K2ao5JiN0aBZQZrfnh_4bhHwTgw_-vG1cimuPJJ3un3GYibfKMQDXZRK5Wx1IdSD69UoHJApX7yUQXJny_,results,False,10,"搜索工具百度为您找到相关结果约196,000个",None,2,吉利 试验台,1,None,2019-06-24 11:42:08.435019,localhost,http,baidu,"2018年6月25日 - 受业主委托,中国采招网于2018年06月25日发布吉利汽车动力院性能试验台架与新能源动力总成试验台架项目的招标公告;项目简介:1.项目名称:吉利汽车动力院...",successful,吉利汽车动力院性能试验台架与新能源动力总成试验台架项目的招标...,None
www.baidu.com,,http://www.baidu.com/link?url=G-Z-yZ66JU9LxOlkgIyHE2__Jty0SA5jiM1rKU9yt5nUFeZ5mnfvPdFfel3pvcVAeoJtjFgXYs1VxwWTQ_7iSa,results,False,10,"搜索工具百度为您找到相关结果约196,000个",None,2,吉利 试验台,2,None,2019-06-24 11:42:08.435019,localhost,http,baidu,2018年8月27日 - 吉利电机四门两盖试验台  品牌: 雄强 型号: XQ-SMLG-130  规格:1800*900*800 单价: 120000.00~200000.00/台  所在地:安徽 合肥市 有效期至:2019-08-27...,successful,吉利电机四门两盖试验台_机器人产品_机器人网,None
www.baidu.com,,http://www.baidu.com/link?url=FznnE-AKoAyUh3548OQlO32X5fvXv3202_CQnDImtz5dvHywWpqz_Dfd_4vmsiZzG2gzxR-Em6J3wDM_eEMMtK,results,False,10,"搜索工具百度为您找到相关结果约196,000个",None,2,吉利 试验台,3,None,2019-06-24 11:42:08.435019,localhost,http,baidu,"2018年7月3日 - 吉利汽车动力试验中心性能试验台架与新能源动力总成试验台架项目招标公告,招标信息,招标,采购,采购与招标网",successful,吉利汽车动力试验中心性能试验台架与新能源动力总成试验台架项目...,None
www.baidu.com,,http://www.baidu.com/link?url=VDJfYM-LXwUlD8f0otbKGzonW9JsvZzjCLR4P9SYMRKbl49lXWprCqh2Qk9NWnpxDhKI7BLabATKf6LHOrgvkxWt25jlLl3myHf2adZGTUe,results,False,10,"搜索工具百度为您找到相关结果约196,000个",None,2,吉利 试验台,4,None,2019-06-24 11:42:08.435019,localhost,http,baidu,2016年9月27日 - 1. 项目名称:湘潭SV项目试验台设备 2.项目概况与招标范围 2.1项目概况: 湖南吉利汽车部件有限公司是浙江吉利控股集团为响应国家“中西部开发战略”号...,successful,浙江吉利控股集团湖南吉利汽车部件有限公司湘潭SV项目试验台设备...,None
www.baidu.com,,http://www.baidu.com/link?url=mUUBrNLPRrRBblJ2Is6Q87l2XYJd96A5E-UvlMCDXXQalyZt2JgC9EwA6Ir-cTCFsGpT1WI2VWuKrrDMDKHOK4kWcU81hMSoDL3NQ33GQc3,results,False,10,"搜索工具百度为您找到相关结果约196,000个",None,2,吉利 试验台,5,None,2019-06-24 11:42:08.435019,localhost,http,baidu,2014年12月2日 - 宁波吉利汽车研究院开发有限公司现采购一批发动机性能试验台架、动力总成试验台架、减振系统、试验室信息化系统-试验台架原始数据库、使用地点宁波杭...,successful,宁波吉利汽车研究院发动机性能试验台架项目_招标网_浙江省招标,None
www.baidu.com,,http://www.baidu.com/link?url=E7tci8JYNQm3g-wJqGLqH5bi1KcpbZcyVupRFNURjV1K1w4yw4Ok5k-3YKS3n78s9621GWDUgxTw1ToRX7faS_,results,False,10,"搜索工具百度为您找到相关结果约196,000个",None,2,吉利 试验台,6,None,2019-06-24 11:42:08.435019,localhost,http,baidu,"2018年6月25日 - 招标代理公司(请 登录 查看) 受业主单位(请 登录 查看) 委托,于2018-06-25在采购与招标网发布 吉利汽车动力院性能试验台架与新能源动力总成试验台架项...",successful,吉利汽车动力院性能试验台架与新能源动力总成试验台架项目的招标...,None
www.baidu.com,,http://www.baidu.com/link?url=Fqj7ykfcEEsMzciAWRmx4ijQpcTkcYpDk9q1cVGGf4riQe_z4g4pzpvmSo6wfz7DRtT__LaBZZppVemUAGipHkFs4tsxCH8JPVFwBHB1qpC,results,False,10,"搜索工具百度为您找到相关结果约196,000个",None,2,吉利 试验台,7,None,2019-06-24 11:42:08.435019,localhost,http,baidu,2018年11月13日 - 千里马招标采购网>浙江招标网>宁波招标网>慈溪市招标网:吉利汽车研究院NVH试验室BSR材料匹配试验台项目:2018-11-13 01:16:28.0 1.项目名称:吉利汽车研...,successful,吉利汽车研究院NVH试验室BSR材料匹配试验台项目 - 千里马招标网,None
www.baidu.com,,http://www.baidu.com/link?url=oUmanK3NQUjRb6pAFVwXXpIVAtwUCCJHjcmxr_gds4w2XBClLCyNQka7vh5GEYUrxur3YU7W_cPp4bLHDu7wlq,results,False,10,"搜索工具百度为您找到相关结果约196,000个",None,2,吉利 试验台,8,None,2019-06-24 11:42:08.435019,localhost,http,baidu,"2018年8月23日 - 受业主委托,中国采招网于2018年08月23日发布吉利汽车研究院动力总成转动惯量试验台项目的招标公告;项目简介:1.项目名称:吉利汽车研究院动力总成转动惯...",successful,吉利汽车研究院动力总成转动惯量试验台项目的招标公告-采招网,None
www.baidu.com,,http://www.baidu.com/link?url=yjW-f2Md8_NByZt82ystpE-iDa5truNqPd7SNpHE2cr0_Fe8UESzdXXg51_KN5X6EQ1qrOcNpFHthwfG8p7AXa,results,False,10,"搜索工具百度为您找到相关结果约196,000个",None,2,吉利 试验台,9,None,2019-06-24 11:42:08.435019,localhost,http,baidu,"2016年12月29日 - 中国化工仪器网为您提供雄强牌 XQ-HD885 吉利轿车换挡轴综合试验台厂家直销的详细介绍和价格,如有意向请联系合肥雄强数控科技有限公司",successful,雄强牌 XQ-HD885 吉利轿车换挡轴综合试验台厂家直销,None
www.baidu.com,,http://www.baidu.com/link?url=yWm7R3h6Tew3hbNG1yaM69Ak2kw-ONCvvWdDE2LvPPtsbtqt7Ipae9X7vzOekytHojITsCirnCLP25IGsWn_mlMPwH4r0_N0qyz3M9b_LQK,results,False,10,"搜索工具百度为您找到相关结果约196,000个",None,2,吉利 试验台,10,None,2019-06-24 11:42:08.435019,localhost,http,baidu,2016年5月31日 - 浙江吉利汽车研究院有限公司弹性体试验台项目招标公告1.项目名称:弹性体试验台项目。2.项目概况与招标范围2.1项目概况:,successful,浙江吉利汽车研究院有限公司弹性体试验台项目招标公告_招标网_...,None
b'',,None,results,False,10,"搜索工具百度为您找到相关结果约3,500,000个",None,2,一汽 试验台 ,1,None,2019-06-24 11:42:00.295067,localhost,http,baidu,None,successful,None,baike.baidu.com/ 
www.baidu.com,,http://www.baidu.com/link?url=hsRNHaOrrHhqUHj3ugpt19SjwASlrzO1wOAWm-6ffEsG321Mo1xYO8OOqEAX-md3,results,False,10,"搜索工具百度为您找到相关结果约3,500,000个",None,2,一汽 试验台 ,1,None,2019-06-24 11:42:00.295067,localhost,http,baidu,"2019年5月16日 - 电车汇消息:近日,一汽解放商用车开发院氢动力开发实验室的燃料电池发动机测试台架正式投入运转,标志着一汽在燃料电池技术领域的技术能力大幅提升。  ...",successful,国内|一汽解放燃料电池发动机测试台架正式运转 | 电车汇,None
www.baidu.com,,http://www.baidu.com/link?url=IQz9CA029nblwtuc9aRxMb9LviZn8WTbq4C2R0AdS7lzHxCQ9WCY-gWTR8vtGEB5,results,False,10,"搜索工具百度为您找到相关结果约3,500,000个",None,2,一汽 试验台 ,2,None,2019-06-24 11:42:00.295067,localhost,http,baidu,"汽车教学模型,汽车教学模型,汽车教学设备,汽车教学挂图,汽车电路实验台.汽车模拟器.汽车电教板.汽车教具.汽车模型.汽车部件模型.",successful,"汽车空调系统实验台,实训台,汽车实训台_第 1 页-上海顶邦公司",None
www.baidu.com,,http://www.baidu.com/link?url=SlnccQHGVI4wZhddrM120tm09AkQLjMfZIy7yrs5OiA-_2Bzkyuq7nU7Az04Cc72f-pmwJV_MYDG4KWlu1QG3K,results,False,10,"搜索工具百度为您找到相关结果约3,500,000个",None,2,一汽 试验台 ,3,None,2019-06-24 11:42:00.295067,localhost,http,baidu,"电机性能试验方法,满足在试验台对电机稳态循环加载耐久试验,模拟道路工况试验,自动以的架势循环工况试验,加速,制动,驻车,经济型,或运动型架势模拟试验。 试验台满足...",successful,电机性能试验台(新能源电动汽车用电机)-电机性能试验系统-试验...,None
www.baidu.com,,http://www.baidu.com/link?url=pSCsLLpZusoduspx-cU4quX6dw8FGiTba4iFIR0j6vi36qgD1bh9m35YUNz4M2m0,results,False,10,"搜索工具百度为您找到相关结果约3,500,000个",None,2,一汽 试验台 ,4,None,2019-06-24 11:42:00.295067,localhost,http,baidu,"汽车电器万能试验台,汽车液压方向机转向试验台,汽车离合器总成试验台,汽车机油泵实验台,汽车制冷系统试验台,汽车发动机实验台,汽车维修教学设备,汽车电路实训设备,汽车...",successful,汽车电器万能试验台.汽车液压方向机转向试验台.汽车制冷试验台:...,None
www.baidu.com,,http://www.baidu.com/link?url=vBc1Zymkjz_Hai8FtRcBCDvoB1JY2IPYv_M0ygkoMAEM5uHo_tkv-wWLm2UQqZ0pFR8yuClKcLwA8xnmywNvAa,results,False,10,"搜索工具百度为您找到相关结果约3,500,000个",None,2,一汽 试验台 ,5,None,2019-06-24 11:42:00.295067,localhost,http,baidu,2019年4月21日 - TQD-2型汽车电器万能试验台 汽车维修检测设备是根据各大专院校、职业技术学院、交通技校、公交公司检测培训、汽车驾驶学校、技能鉴定中心、劳动技能培训中心、劳动就业指...,successful,"汽车电器万能实验台,汽车电器万能试验台,汽车检测设备,汽车维修...",None
www.baidu.com,,http://www.baidu.com/link?url=7ikdW3tJIBe_4C94AnlK5CmuAKSZNf5PY4dOVcdZdQ5WdX4E1oUAbpZadGrNZ-u5waJS8aQl0eCpqC_2Dak91K,results,False,10,"搜索工具百度为您找到相关结果约3,500,000个",None,2,一汽 试验台 ,6,None,2019-06-24 11:42:00.295067,localhost,http,baidu,2019年5月24日 - 采招网 > 招标公告 > 一汽技术中心中重型发动机性能开发试验台项目国际招标公告(1)0736-194020190197 一汽技术中心中重型发动机性能开发试验台项目国...,successful,一汽技术中心中重型发动机性能开发试验台项目国际招标公告(1)0736...,None
www.baidu.com,,http://www.baidu.com/link?url=krDSRFGuspbeJJUXfP_nODGf23sQGGGCV8FUfo_ictykla-75ya7ATnyZbrEYweO,results,False,10,"搜索工具百度为您找到相关结果约3,500,000个",None,2,一汽 试验台 ,7,None,2019-06-24 11:42:00.295067,localhost,http,baidu,"汽车全车电器实验台 汽车发动机翻转架 汽车仿真电路实习台 汽车变速器实验台 汽车...汽车发动机实训台满足电控发动机调试、运行、检测等全过程需要,直观反映各种故障设置...",successful,"汽车发动机实训台,汽车发动机实验台_第 1 页-上海顶邦公司",None
www.baidu.com,,http://www.baidu.com/link?url=LrLsoZNCA-0wxGZmlxgOR7_UTQU9F8kuamvoYca1UJV78ie-JcKsqskLrGKkP5jb,results,False,10,"搜索工具百度为您找到相关结果约3,500,000个",None,2,一汽 试验台 ,8,None,2019-06-24 11:42:00.295067,localhost,http,baidu,"我公司生产销售汽车全车电器实验台,汽车电器实训台,汽车电路实训台,是教育系统一家专门从事汽车全车电器实验台,汽车电器实训台,汽车电路实训台生产和销售的骨干企业...",successful,"汽车全车电器实验台,汽车电器实训台_第 1 页-上海顶邦公司",None
www.baidu.com,,http://www.baidu.com/link?url=8PThU3b3q5sLHC9L8jU0J8gckk2SrmfVje4b1o_-3M08kpcC80s0_8PC07GNauw1,results,False,10,"搜索工具百度为您找到相关结果约3,500,000个",None,2,一汽 试验台 ,9,None,2019-06-24 11:42:00.295067,localhost,http,baidu,"洛阳合能电气专业从事各类电机试验台,传动试验台,变速箱试验台,发动机试验台,动力总成试验台,驱动电机试验台,动力电池试验台,新能源汽车试验台,传动系统试验台,变速...",successful,传动试验台_电机试验台_电传动系统_电驱动系统_洛阳合能电气有限...,None
www.ebnew.com,,http://www.ebnew.com/businessShow/627944209.html,results,False,9,"About 1,480,000 results (0.33 seconds) ",None,1,一汽 试验台 ,1,None,2019-06-24 11:05:06.777419,localhost,http,google,5 days ago - 一汽-大众后盖锁疲劳试验台项目国际招标澄清或变更公告(6) ... 长春一汽国际招标有限公司受招标人委托对下列产品及服务进行国际公开竞争性 ...,successful,一汽-大众后盖锁疲劳试验台项目国际招标澄清或变更公告(6)-招标采购 ...,www.ebnew.com › 招标项目
cn.linkedin.com,,https://cn.linkedin.com/in/%E4%BA%9A%E6%96%87-%E9%83%AD-4ba87b144,results,False,9,"About 1,480,000 results (0.33 seconds) ",None,1,一汽 试验台 ,2,None,2019-06-24 11:05:06.777419,localhost,http,google,郭亚文. 一汽大众- 试验工程师. 吉林长春. 汽车. 一汽大众. 湖南大学. 0 位好友 ... 所参与设计搭建的一款试验台架获得德方认可，并正在进行申请专利。 工作中重视对 ...,successful,郭亚文- 试验工程师- 一汽大众| LinkedIn - 领英,https://cn.linkedin.com/in/亚文-郭-4ba87b144
www.qcwp.com,,http://www.qcwp.com/news/379721.html,results,False,9,"About 1,480,000 results (0.33 seconds) ",None,1,一汽 试验台 ,3,None,2019-06-24 11:05:06.777419,localhost,http,google,"Jan 19, 2016 - 近日，一汽-大众台架试验中心正式落成，中心占地面积约12,000平方米，总投资预计将达5.2亿元人民币。作为国内首个能够系统开展豪华品牌车身 ...",successful,一汽-大众技术开发部台架试验中心落成 - 汽车网评,www.qcwp.com/news/379721.html
qiche.caigou2003.com,,http://qiche.caigou2003.com/qichecaigouyaowen/1897675.html,results,False,9,"About 1,480,000 results (0.33 seconds) ",None,1,一汽 试验台 ,4,None,2019-06-24 11:05:06.777419,localhost,http,google,"Jan 19, 2016 - 近日，一汽-大众台架试验中心正式落成，中心占地面积约12000平方米，总投资预计将达5.2亿元人民币。作为国内首个能够系统开展豪华品牌车身 ...",successful,一汽-大众技术开发部台架试验中心落成_汽车_汽车采购要闻-政府采购 ...,qiche.caigou2003.com › 汽车 › 汽车采购要闻
b'',,None,results,False,9,"About 1,480,000 results (0.33 seconds) ",None,1,一汽 试验台 ,5,None,2019-06-24 11:05:06.777419,localhost,http,google,None,successful,None,None
www.fawjiefang.com.cn,,http://www.fawjiefang.com.cn/gsgk.jsp,results,False,9,"About 1,480,000 results (0.33 seconds) ",None,1,一汽 试验台 ,6,None,2019-06-24 11:05:06.777419,localhost,http,google,一汽解放汽车有限公司是中国一汽集团旗下的轻、中、重型卡车企业，总部位于吉林省 ... 一汽解放均大量采用世界先进水平的加工中心、数控机床、装配线、试验台架等 ...,successful,公司概况 - 一汽解放汽车,www.fawjiefang.com.cn/gsgk.jsp
vw.faw-vw.com,,https://vw.faw-vw.com/brand/about/overview.shtml,results,False,9,"About 1,480,000 results (0.33 seconds) ",None,1,一汽 试验台 ,7,None,2019-06-24 11:05:06.777419,localhost,http,google,一汽-大众汽车有限公司（以下简称一汽-大众）于1991年2月6日成立，是由中国第 ... 占地面积14平方千米、各类试车道路总面积达67万平方米的一汽-大众汽车试验场 ...,successful,"一汽-大众企业介绍,一汽-大众企业,一汽-大众品牌官方网站",https://vw.faw-vw.com/brand/about/overview.shtml
b0736.space.yuecai.com,,http://b0736.space.yuecai.com/display/home/findTradingListMore.htm?loginName=b0736&type=change,results,False,9,"About 1,480,000 results (0.33 seconds) ",None,1,一汽 试验台 ,8,None,2019-06-24 11:05:06.777419,localhost,http,google,"长春一汽国际招标有限公司在线发布最新的采购信息，招标信息公告，变更公告， 中标公示，在线进行招标采购， ... [国际招标], 一汽-大众门锁疲劳试验台项目国际招标.",successful,长春一汽国际招标有限公司-变更公告 - 长春一汽国际招标有限公司-必联网,b0736.space.yuecai.com/display/.../findTradingListMore.htm?...
m.evpartner.com,,http://m.evpartner.com/news/detail-44309.html,results,False,9,"About 1,480,000 results (0.33 seconds) ",None,1,一汽 试验台 ,9,None,2019-06-24 11:05:06.777419,localhost,http,google,"Apr 26, 2019 - 近日，一汽解放商用车开发院氢动力开发实验室的燃料电池发动机测试台架正式投入运转，标志着一汽在燃料电池技术领域的技术能力大幅提升。",successful,发展氢燃料电池一汽解放燃料电池发动机测试台架正式运转-电车资源,m.evpartner.com/news/detail-44309.html
b'',,None,results,False,10,"搜索工具百度为您找到相关结果约167,000个",None,1,吉利 试验台,1,None,2019-06-24 11:42:02.696012,localhost,http,baidu,None,successful,None,"image.baidu.com  - 查看全部2,360张图片"
b'',,None,results,False,10,"搜索工具百度为您找到相关结果约167,000个",None,1,吉利 试验台,2,None,2019-06-24 11:42:02.696012,localhost,http,baidu,None,successful,None,map.baidu.com 
www.baidu.com,,http://www.baidu.com/link?url=Yf1qkR1sODPTXgzI8l3fmqwDuD-0okuysxMKTkHdcupEArQDm3IZ6BhUvgttEPxcdPV3P7rYKBQ0-0jFZXPdfq,results,False,10,"搜索工具百度为您找到相关结果约167,000个",None,1,吉利 试验台,1,None,2019-06-24 11:42:02.696012,localhost,http,baidu,"2018年9月21日 - 试验台外观颜色试验台采用铝型材和不 304 不锈钢结构组成,外观颜色按工业设计要求。 3、主要技术参数及要求 3.1 使用环境工作温度范围:0～40℃供电电...",successful,雄强为吉利汽车非标研发汽车踏板性能试验台_机器人产品_机器人网,None
www.baidu.com,,http://www.baidu.com/link?url=wbXPMvSc8xCh1cdVChfE-JFNYNxklRHchhyhcBC6hXdOKZFPAPwBjjwBrnWfLj92ni2myEbSf9a_wInKZqoHEK,results,False,10,"搜索工具百度为您找到相关结果约167,000个",None,1,吉利 试验台,2,None,2019-06-24 11:42:02.696012,localhost,http,baidu,"吉利汽车我司供货吉利汽车多款试验设备,包括汽车门锁门铰链综合性能试验台、汽车玻璃升降器综合试验台、汽车雨刮器综合试验台、汽车底盘制动系统综合试验台。 欢迎广大...",successful,吉利汽车_合肥雄强数控科技有限公司、汽车检测台、汽车试验台、...,None
www.baidu.com,,http://www.baidu.com/link?url=x0ByrDgo3WakFU6Nz1QJeVdmEa6Lra0cGbXCYUmomCv6_ZIStmrJifzOemZTOdrt_KufBss7z7AGKGa5Ho8_l5BTlPMSCp6JO_MiL_GM3UC,results,False,10,"搜索工具百度为您找到相关结果约167,000个",None,1,吉利 试验台,3,None,2019-06-24 11:42:02.696012,localhost,http,baidu,"2017年12月4日 - “工欲善其事,必先利其器”,在先进的试验设备和工程师团队夜以继日的研发努力下,吉利汽车品牌下众多车型中,整车或零部件电磁兼容性方面都有不错的表现...",successful,iNTEC实验室 试验台上的汽车芭 蕾_杭州远景吉利新..._太平洋汽车网,None
www.baidu.com,,http://www.baidu.com/link?url=EJTCJnP-bNgP9_0XFGa7sDJkkJIFWnLPs6EyrmEy8kFj5KKI59AP4ElQO_MP74Ssf7vofSxHBw_1V6Z9-8eJZ2iuLhds7SRuW0KmvS2dmkK,results,False,10,"搜索工具百度为您找到相关结果约167,000个",None,1,吉利 试验台,4,None,2019-06-24 11:42:02.696012,localhost,http,baidu,"2018年6月25日 - 采购类别:设备类注:新用户注册请选择此类别,否则无法报名1.项目名称:吉利汽车动力院性能试验台架与新能源动力总成试验台架",successful,吉利汽车动力院性能试验台架与新能源动力总成试验台架项目的招标...,None
www.baidu.com,,http://www.baidu.com/link?url=nEFU7-FMzYeNa_KNW9EZ6KYMlkziR98ZgUze-pQceoBA4OhZd1RPzRNd4wOVG5Y_hE2KbFz4koNFs_ouZxPsL_,results,False,10,"搜索工具百度为您找到相关结果约167,000个",None,1,吉利 试验台,5,None,2019-06-24 11:42:02.696012,localhost,http,baidu,"2018年6月25日 - 受业主委托,中国采招网于2018年06月25日发布吉利汽车动力院性能试验台架与新能源动力总成试验台架项目的招标公告;项目简介:1.项目名称:吉利汽车动力院...",successful,吉利汽车动力院性能试验台架与新能源动力总成试验台架项目的招标...,None
www.baidu.com,,http://www.baidu.com/link?url=IhvZLrD505qkFZ8WFL5-DhhFWv8S2i2vUVU4HgKBslHE6awFfwT9RHkhkZpDxP0-5RqTxmV_DNC9ofjS3Ey9DK,results,False,10,"搜索工具百度为您找到相关结果约167,000个",None,1,吉利 试验台,6,None,2019-06-24 11:42:02.696012,localhost,http,baidu,2019年2月15日 - 雄强牌XQ-HD885吉利轿车换挡轴综合试验台主体部分主要由计算机控制系统、换档操纵操纵机构总成装置、变速器负载机构、连杆固定支架、各类传感器固定工...,successful,【雄强牌XQ-HD885吉利轿车换挡轴综合试验台厂家直销】-黄页88网,None
www.baidu.com,,http://www.baidu.com/link?url=1p1_NcWkcpkPK8bxmBQhbfrnSKNG06jSLgSZQrP8OxJGhggupl2x4oQ7FSdXIwU5I1W2L2XdmpCfF9rh_wsuda,results,False,10,"搜索工具百度为您找到相关结果约167,000个",None,1,吉利 试验台,7,None,2019-06-24 11:42:02.696012,localhost,http,baidu,"2018年6月25日 - 吉利汽车动力院性能试验台架与新能源动力总成试验台架项目的招标公告是招标网发布的招标采购信息,该招标项目相关工程招标、货物招标、服务招标等招标...",successful,吉利汽车动力院性能试验台架与新能源动力总成试验台架项目的招标...,None
www.baidu.com,,http://www.baidu.com/link?url=mBdEL7-G9cZdm8OQVSMfjuPCbFWGprIT9q4e6GOW9AvlyFieavZ1DYnE5ImwfheIs4odogmRdlZzAzMg8GPdCa,results,False,10,"搜索工具百度为您找到相关结果约167,000个",None,1,吉利 试验台,8,None,2019-06-24 11:42:02.696012,localhost,http,baidu,吉利汽车踏板总成耐久试验台架一.设备概要: 本试验台架适用于汽车踏板的基本性能及耐久性试验:纵向位移试验、侧向位移试验、刚度试验抗扭性能试验、强度试验以及可靠...,successful,吉利汽车踏板总成耐久试验台架 - 合肥雄强科技有限公司,None
